driverId,name,ssn,location,certified,wage-plan
10,Gregory Herrera,388-16-9078,"691 Mitchell Freeway Apt. 034
Kristenville, VT 71932",N,hours
11,Michael Fox,782-08-8158,"1622 King Junction
North Ashley, TN 22433",Y,miles
12,Sandra Hull,727-93-3687,"2269 John Lake Apt. 338
North Kennethbury, AK 95674",N,hours
13,Elizabeth Moore,876-30-3801,"84388 Beard Mountain Suite 577
Booneville, VI 52784",Y,hours
14,Jennifer Faulkner,247-64-2295,"094 Richardson Keys
East Geoffreystad, DE 23344",Y,hours
15,Roger Kennedy,819-49-6426,"1489 Jackson Island Suite 133
Josephland, CO 06915",Y,miles
16,Catherine Hampton,282-09-7724,"4796 Melissa Course Apt. 044
Meganbury, ID 25759",N,miles
17,Raymond Young,065-37-5825,"3023 Joseph Squares Suite 106
New Catherineshire, KS 41500",N,miles
18,Mckenzie Smith,416-20-9200,"08526 Lambert Villages
Whiteberg, ND 75951",N,hours
19,Molly Page,498-72-6499,"6156 Ellis Stream Apt. 460
Mckenzieburgh, KY 80048",Y,hours
20,Alisha Morrison,450-82-2531,"6192 Kelli Ports Apt. 465
Melissaland, WY 42447",Y,hours
21,Stephanie Wilcox,197-51-5703,"950 Jones Lake Apt. 073
West Steventon, WA 73611",Y,hours
22,Brooke Green,772-45-3848,"4866 Jerry Summit
Toniberg, AR 76703",N,hours
23,Rebecca Mendez,377-77-2103,"USNV Spencer
FPO AA 71586",Y,hours
24,Ricardo Hill,110-77-5584,"1602 Smith Shores Suite 850
Andreafurt, WY 89835",Y,hours
25,Karen Watkins,741-14-5954,"16953 Joe River Apt. 496
Christopherport, SC 13618",Y,miles
26,Michael Martin,724-71-0009,"71406 Hall Drive Apt. 984
West Justinmouth, ID 33261",N,hours
27,Kendra Garcia,061-86-0689,"61899 Peter Squares Apt. 564
Lake Henrystad, KS 51508",N,miles
28,Tonya Perry,577-15-8800,"239 Williams Locks Suite 693
Emilychester, MH 76052",N,hours
29,Cheryl Riggs,484-60-8685,"757 Lance Spring
Port Johnville, CT 01787",N,miles
30,Jessica Avila,732-51-3223,"930 Alex Causeway
Wyattfort, KY 48901",Y,hours
31,Alexis Martin,205-19-4209,"92731 Herrera Hill Apt. 862
Bryantstad, ND 92600",Y,miles
32,Jessica Li,672-61-3026,"78698 Porter Radial
New Caitlin, WA 05215",Y,hours
33,Dawn Jordan,363-63-4717,"4610 Savannah Locks Suite 315
New Janebury, TN 39776",Y,hours
34,Michael Cervantes,644-21-6240,"0479 Bates Crossing
Patriciafort, MO 58255",N,hours
35,Jack Flores,896-06-8962,"USCGC Coleman
FPO AA 43477",Y,miles
36,Andrea Glenn,125-49-3993,"34046 Marquez Crest Apt. 927
Watsonstad, OK 40003",Y,hours
37,Angela Hutchinson,386-51-4595,"75224 Tonya Row
South Roberto, NJ 45418",N,hours
38,Wayne Hodges,532-02-7412,"7674 Ellis Mission
New Kristin, UT 36085",Y,hours
39,Dr. Angela Fields,835-36-4418,"86554 Brooks Overpass
Dianebury, OK 14323",Y,hours
40,Crystal Anderson,071-72-4218,"005 Montoya Circle
Port Larryfort, MI 12660",Y,miles
41,Christine Kramer DDS,320-08-6561,"12362 Guerrero River Apt. 754
Cortezfurt, AS 98056",Y,miles
42,John Harris IV,389-21-6611,"4492 Lewis Divide
New Kathryn, MH 77334",Y,miles
43,Kent Nelson,150-65-7171,"88495 Nicole Street Apt. 427
Robinsonland, OH 13113",Y,miles
44,David Carlson,453-42-0862,"4554 Hansen Locks Apt. 189
Mccoyfurt, PA 52376",Y,hours
45,Amanda Bailey,116-54-3439,"0631 Joel Canyon
Luisberg, MO 92746",Y,hours
46,Christine Miller,467-61-0610,"4510 Kelly Neck Suite 111
North Donnaside, IN 43070",Y,hours
47,Nathaniel Mills,157-12-1900,"85792 Shane Passage
South Jenniferstad, MN 69804",N,hours
48,Sarah Young,249-41-2959,"6630 Donna Island Apt. 627
Jeffreyfurt, MN 66962",N,hours
49,David Lawson,504-61-3457,"235 Harris Brooks Apt. 787
East Brandon, ND 61170",N,hours
50,Charles Kennedy,537-52-9443,"21590 Johnston Cape Suite 811
Diaztown, VI 42517",N,miles
51,Martin Davis,787-27-1199,"0341 John Parks Suite 080
Pittmanfurt, OR 53574",N,miles
52,Mallory Parker,825-32-7577,"0885 Miller Hill
Prestonfurt, RI 13485",N,hours
53,Michelle Hines,845-94-9718,"USS Stephens
FPO AE 14693",Y,miles
54,Linda Carter,107-85-0201,"472 Howard Lodge Suite 516
Dominguezfurt, ME 92411",N,miles
55,Angela Nichols,060-58-2901,"4564 Farley Drives
Seanborough, AR 93981",N,hours
56,Richard Espinoza,852-01-6821,"9637 Robert Square Apt. 504
West Misty, ME 47745",Y,miles
57,Kelly Barrett,310-82-4512,"873 Scott Island
Andrewshaven, VA 44962",Y,miles
58,Kelly Gonzalez,692-91-5354,"950 Randy Trail Suite 745
Lake Antoniochester, GA 46556",N,hours
59,Carl Campbell,728-42-8495,"9423 Carol Court
Port Steven, NE 04405",Y,miles
60,Alan Meadows,023-22-3040,"172 Angela Square
South Amyport, VA 41575",Y,hours
61,Elizabeth Shelton,886-53-5424,"2984 Sarah Mall
Ortizshire, OH 15184",N,miles
62,Jillian Peterson,605-07-1130,"0282 Ortiz Loop Apt. 082
Emmafurt, UT 61804",Y,miles
63,Derek Hodge,435-28-0654,"086 Richard Tunnel Apt. 488
Darrenville, AS 65660",N,miles
64,Melissa Mcfarland,233-85-3910,"5435 Rodriguez Lake Apt. 975
South William, VT 45942",N,miles
65,Mrs. Lacey Brennan,861-89-5880,"1377 Townsend Mountain
Williamton, ID 29962",Y,hours
66,Charles Reyes,730-17-0006,"0936 Powers Rapid Suite 574
Susanfurt, WA 89373",Y,hours
67,Jeffrey Edwards,199-92-5063,"619 Daniel Gardens
South Michael, NM 81232",N,miles
68,Michael Wolfe,667-50-1541,"82176 Clark Expressway Suite 301
Rebeccaland, NM 89552",N,miles
69,Margaret Joseph,303-28-4891,"21592 Tate Fields Apt. 699
Bobbyhaven, MP 50709",N,hours
70,Jennifer Garcia,407-17-2962,"1259 Morris Lights
South Brendaside, VI 86878",Y,hours
71,William Taylor,407-80-4626,"6052 Singleton Port Suite 813
Taraville, CA 38622",Y,hours
72,Cody Edwards,061-76-2964,"534 Stephanie Vista
Romeromouth, WY 27171",Y,hours
73,Heidi Walker,172-39-5750,"737 Taylor Court
Lake Paulaville, CA 94101",N,miles
74,Mrs. Catherine Pruitt,320-50-0002,"0126 Tyler Camp Apt. 996
Lake Lauren, FM 61432",N,miles
75,Cheryl Ramirez,054-48-8819,"57022 David Squares
New Lori, WV 84188",N,hours
76,Robert May,329-92-4911,"24122 Hernandez Turnpike
Freemanton, CT 53661",Y,hours
77,Keith Coleman,071-15-3619,"Unit 2350 Box 0740
DPO AA 61258",N,hours
78,Brian Hudson,366-77-6242,"03870 Norris Glen Apt. 460
Brownfort, WV 43942",Y,hours
79,Charles Nguyen,008-31-4668,"002 Sandra Tunnel Apt. 798
Port Jasonfort, GA 38890",N,miles
80,Jerome Ellison,568-62-8602,"2351 Alan Cliffs
East Michaelmouth, NE 05252",N,miles
81,Mr. Adrian Townsend,769-21-2197,"412 Acosta Crossroad
Ericfurt, NY 80071",Y,hours
82,Amy Fuller,071-68-4506,"96742 Elizabeth Landing
Shelbyfort, MP 01676",N,miles
83,Tracey Martin,129-62-4058,"2149 Chris Ville Apt. 699
South Rachel, MP 97847",N,miles
84,Patricia Williamson,423-56-2361,"190 Sanders Row Apt. 372
South Dianechester, SD 96888",Y,hours
85,Melissa Martinez,470-55-4094,"PSC 0002, Box 0222
APO AA 55731",N,miles
86,Kevin Harris,025-80-4174,"192 Jarvis Loop Suite 670
East Maryside, CT 61841",N,hours
87,Amanda Boyd,850-13-7470,"150 Gregory Village
West Tinaside, VT 02009",N,hours
88,Wendy Rivera,260-55-6554,"74378 Haynes Isle
Linborough, MN 57154",Y,hours
89,Nicole Mcgee,548-04-8661,"5653 Daniel Key Suite 126
Hillborough, MP 57784",Y,hours
90,David Hardy,870-61-3267,"73608 Walker Shoals Suite 973
East Faithville, CO 20502",N,hours
91,Eric Hunt,358-37-7862,"876 Amy Prairie Apt. 758
Marytown, KS 66112",Y,hours
92,David Martin,189-02-2680,"52610 Matthew Forge Apt. 694
West Troy, SD 43608",N,hours
93,Joseph Gibson,104-53-8671,"243 Jeremy Rest
Lisaborough, NV 14075",N,hours
94,Melissa Moreno,845-21-2684,"92097 Alexis Cove
Loweryview, OR 15385",N,hours
95,Sandra Kelly,670-30-1055,"823 Mark Extensions Apt. 886
Diazstad, NE 64041",Y,miles
96,Scott Gray,898-09-7693,"47054 Dean Fords
Johnathantown, ID 73867",Y,miles
97,Andrea Glover,159-39-8475,"3104 Linda Glen Suite 276
Port Cynthia, AK 46571",Y,hours
98,Melissa Miller,536-95-5099,"PSC 8619, Box 3513
APO AP 64939",Y,hours
99,Matthew Moore,585-53-5302,"327 Watts Groves
South Crystalmouth, VI 65424",Y,miles
100,Gabriela Cook,606-10-4940,"5783 Villarreal Junction Suite 061
New Kevinstad, DE 25325",Y,miles
101,Carolyn Fletcher,647-25-8200,"98576 Graham Rapid Suite 913
West Stacyberg, AZ 97080",Y,miles
102,Daniel Gibson,500-73-6024,"USCGC Wood
FPO AA 23361",Y,hours
103,Brittany Stephens,022-72-3034,"2052 Stacey Stream
Maryburgh, HI 44759",N,miles
104,William Donovan,518-43-2936,"68426 Baker Vista Suite 363
South Christopher, PW 30005",N,miles
105,Adam Allen,412-94-3721,"6528 Wyatt Common Suite 134
Smithville, PR 01516",N,miles
106,James Rivera,781-50-1149,"PSC 0392, Box 3186
APO AE 67815",N,miles
107,Judy Smith,097-57-8141,"7721 Moore Falls Apt. 039
Dayfurt, IN 47200",N,miles
108,Carrie Murphy,548-38-4053,"PSC 4802, Box 8731
APO AA 21289",N,miles
109,Vanessa Baker,555-79-4871,"93027 Murray Radial Suite 892
West Robert, FL 67207",Y,hours
